"subset","period","scheme","lower_hours","observed","guaranteed_fixed","variable_observed","null_mean","variable_null_mean","total_ratio","variable_ratio","fixed_percent","p_mc","exceedances","tail_ci_low","tail_ci_high","null_q025","null_q975","seed","p_holm_192"
"Confidence >=30","January-August","Daily within week",0,4619,2968,1651,3961.47714771477,993.477147714771,1.16597921123047,1.66183993642701,64.2563325395107,1e-04,0,0,0.000368856793495189,3708,4246.05,2026092301,0.0192
"Confidence >=30","January-August","Daily within week",1,3597,1946,1651,2939.47714771477,993.477147714771,1.22368700937049,1.66183993642701,54.1006394217403,1e-04,0,0,0.000368856793495189,2686,3224.05,2026092301,0.0192
"Confidence >=30","January-August","Daily within week",3,3597,1946,1651,2939.47714771477,993.477147714771,1.22368700937049,1.66183993642701,54.1006394217403,1e-04,0,0,0.000368856793495189,2686,3224.05,2026092301,0.0192
"Confidence >=30","January-August","Daily within week",6,2579,1193,1386,2101.9200920092,908.920092009201,1.22697338010351,1.52488652433263,46.2582396277627,2e-04,1,2.53203079623378e-06,0.000557092694482776,1877,2355.05,2026092301,0.0192
"Confidence >=30","January-August","Three-day blocks offset 0",0,4619,4059,560,4183.73107310731,124.73107310731,1.10403845736897,4.48965912061234,87.8761636717904,1e-04,0,0,0.000368856793495189,4097,4364,2026092302,0.0192
"Confidence >=30","January-August","Three-day blocks offset 0",1,3597,3037,560,3161.73107310731,124.731073107311,1.13766791571711,4.48965912061232,84.4314706700028,1e-04,0,0,0.000368856793495189,3075,3342,2026092302,0.0192
"Confidence >=30","January-August","Three-day blocks offset 0",3,3597,3037,560,3161.73107310731,124.731073107311,1.13766791571711,4.48965912061232,84.4314706700028,1e-04,0,0,0.000368856793495189,3075,3342,2026092302,0.0192
"Confidence >=30","January-August","Three-day blocks offset 0",6,2579,2115,464,2228.17911791179,113.179117911791,1.15744734310992,4.09969620333699,82.0085304381543,1e-04,0,0,0.000368856793495189,2152,2366,2026092302,0.0192
"Confidence >=30","January-August","Three-day blocks offset 1",0,4619,4151,468,4289.19811981198,138.198119811981,1.07689126754594,3.38644259876122,89.8679367828534,2e-04,1,2.53203079623378e-06,0.000557092694482776,4203,4478,2026092303,0.0192
"Confidence >=30","January-August","Three-day blocks offset 1",1,3597,3129,468,3267.19811981198,138.198119811981,1.10094333679618,3.38644259876122,86.9891576313595,2e-04,1,2.53203079623378e-06,0.000557092694482776,3181,3456,2026092303,0.0192
"Confidence >=30","January-August","Three-day blocks offset 1",3,3597,3129,468,3267.19811981198,138.198119811981,1.10094333679618,3.38644259876122,86.9891576313595,2e-04,1,2.53203079623378e-06,0.000557092694482776,3181,3456,2026092303,0.0192
"Confidence >=30","January-August","Three-day blocks offset 1",6,2579,2172,407,2300.39843984398,128.398439843984,1.12111013263203,3.16982044715295,84.2186894145017,4e-04,3,6.18776739432215e-05,0.000876562153451555,2221,2458,2026092303,0.0192
"Confidence >=30","August","Daily within week",0,4546,2910,1636,3893.84728472847,983.847284728473,1.16748286914827,1.66285969925862,64.0123185217774,1e-04,0,0,0.000368856793495189,3637,4186,2026092304,0.0192
"Confidence >=30","August","Daily within week",1,3563,1927,1636,2910.84728472847,983.847284728473,1.22404222945429,1.66285969925862,54.0836373842268,1e-04,0,0,0.000368856793495189,2654,3203,2026092304,0.0192
"Confidence >=30","August","Daily within week",3,3563,1927,1636,2910.84728472847,983.847284728473,1.22404222945429,1.66285969925862,54.0836373842268,1e-04,0,0,0.000368856793495189,2654,3203,2026092304,0.0192
"Confidence >=30","August","Daily within week",6,2555,1184,1371,2083.79897989799,899.79897989799,1.22612594815891,1.52367365448162,46.3405088062622,2e-04,1,2.53203079623378e-06,0.000557092694482776,1856,2342.05,2026092304,0.0192
"Confidence >=30","August","Three-day blocks offset 0",0,4546,3993,553,4115.45394539454,122.453945394539,1.10461690504088,4.51598352522059,87.8354597448306,1e-04,0,0,0.000368856793495189,4029,4297,2026092305,0.0192
"Confidence >=30","August","Three-day blocks offset 0",1,3563,3010,553,3132.45394539454,122.453945394539,1.13744689055635,4.51598352522057,84.4793713163065,1e-04,0,0,0.000368856793495189,3046,3314,2026092305,0.0192
"Confidence >=30","August","Three-day blocks offset 0",3,3563,3010,553,3132.45394539454,122.453945394539,1.13744689055635,4.51598352522057,84.4793713163065,1e-04,0,0,0.000368856793495189,3046,3314,2026092305,0.0192
"Confidence >=30","August","Three-day blocks offset 0",6,2555,2098,457,2209.18541854185,111.185418541854,1.1565348831998,4.11025120014248,82.1135029354207,1e-04,0,0,0.000368856793495189,2133,2348,2026092305,0.0192
"Confidence >=30","August","Three-day blocks offset 1",0,4546,4086,460,4221.48254825483,135.482548254826,1.07687286351079,3.39527124286736,89.8812142542895,1e-04,0,0,0.000368856793495189,4135,4409,2026092306,0.0192
"Confidence >=30","August","Three-day blocks offset 1",1,3563,3103,460,3238.48254825483,135.482548254825,1.10020663903841,3.39527124286737,87.0895312938535,1e-04,0,0,0.000368856793495189,3152,3426,2026092306,0.0192
"Confidence >=30","August","Three-day blocks offset 1",3,3563,3103,460,3238.48254825483,135.482548254825,1.10020663903841,3.39527124286737,87.0895312938535,1e-04,0,0,0.000368856793495189,3152,3426,2026092306,0.0192
"Confidence >=30","August","Three-day blocks offset 1",6,2555,2156,399,2281.91409140914,125.914091409141,1.11967405329542,3.16882721810304,84.3835616438356,1e-04,0,0,0.000368856793495189,2202,2437,2026092306,0.0192
"Confidence >=80","January-August","Daily within week",0,1871,1243,628,1586.07660766077,343.076607660766,1.17964037232694,1.83049495645289,66.4350614644575,1e-04,0,0,0.000368856793495189,1483,1701,2026092307,0.0192
"Confidence >=80","January-August","Daily within week",1,1415,787,628,1130.07660766077,343.076607660766,1.25212750216025,1.83049495645289,55.6183745583039,1e-04,0,0,0.000368856793495189,1027,1245,2026092307,0.0192
"Confidence >=80","January-August","Daily within week",3,1415,787,628,1130.07660766077,343.076607660766,1.25212750216025,1.83049495645289,55.6183745583039,1e-04,0,0,0.000368856793495189,1027,1245,2026092307,0.0192
"Confidence >=80","January-August","Daily within week",6,1013,486,527,801.833583358336,315.833583358336,1.26335441795445,1.6686002621896,47.9763079960513,1e-04,0,0,0.000368856793495189,709,904,2026092307,0.0192
"Confidence >=80","January-August","Three-day blocks offset 0",0,1871,1622,249,1660.25832583258,38.2583258325833,1.12693306269778,6.50838724855899,86.6916087653661,1e-04,0,0,0.000368856793495189,1627,1742,2026092308,0.0192
"Confidence >=80","January-August","Three-day blocks offset 0",1,1415,1166,249,1204.25832583258,38.2583258325833,1.1749970663659,6.50838724855899,82.4028268551237,1e-04,0,0,0.000368856793495189,1171,1286,2026092308,0.0192
"Confidence >=80","January-August","Three-day blocks offset 0",3,1415,1166,249,1204.25832583258,38.2583258325833,1.1749970663659,6.50838724855899,82.4028268551237,1e-04,0,0,0.000368856793495189,1171,1286,2026092308,0.0192
"Confidence >=80","January-August","Three-day blocks offset 0",6,1013,807,206,840.705070507051,33.7050705070507,1.20494099005378,6.11184005554617,79.6643632773939,1e-04,0,0,0.000368856793495189,812,902,2026092308,0.0192
"Confidence >=80","January-August","Three-day blocks offset 1",0,1871,1710,161,1749.98399839984,39.9839983998399,1.06915263323026,4.02661080540271,91.3949759486905,2e-04,1,2.53203079623378e-06,0.000557092694482776,1718,1808,2026092309,0.0192
"Confidence >=80","January-August","Three-day blocks offset 1",1,1415,1254,161,1293.98399839984,39.9839983998399,1.09352202326289,4.02661080540271,88.6219081272085,2e-04,1,2.53203079623378e-06,0.000557092694482776,1262,1352,2026092309,0.0192
"Confidence >=80","January-August","Three-day blocks offset 1",3,1415,1254,161,1293.98399839984,39.9839983998399,1.09352202326289,4.02661080540271,88.6219081272085,2e-04,1,2.53203079623378e-06,0.000557092694482776,1262,1352,2026092309,0.0192
"Confidence >=80","January-August","Three-day blocks offset 1",6,1013,873,140,910.305830583058,37.3058305830583,1.11281282176471,3.75276458966117,86.1796643632774,2e-04,1,2.53203079623378e-06,0.000557092694482776,880,960,2026092309,0.0192
"Confidence >=80","August","Daily within week",0,1863,1235,628,1578.90149014901,343.901490149015,1.17993428445252,1.82610432925976,66.2909286097692,1e-04,0,0,0.000368856793495189,1473.95,1695,2026092310,0.0192
"Confidence >=80","August","Daily within week",1,1415,787,628,1130.90149014901,343.901490149015,1.25121419710354,1.82610432925976,55.6183745583039,1e-04,0,0,0.000368856793495189,1025.95,1247,2026092310,0.0192
"Confidence >=80","August","Daily within week",3,1415,787,628,1130.90149014901,343.901490149015,1.25121419710354,1.82610432925976,55.6183745583039,1e-04,0,0,0.000368856793495189,1025.95,1247,2026092310,0.0192
"Confidence >=80","August","Daily within week",6,1013,486,527,802.493849384938,316.493849384938,1.2623149707333,1.66511924646925,47.9763079960513,1e-04,0,0,0.000368856793495189,710.95,907,2026092310,0.0192
"Confidence >=80","August","Three-day blocks offset 0",0,1863,1614,249,1651.96409640964,37.9640964096409,1.1277484807624,6.55882856563306,86.634460547504,1e-04,0,0,0.000368856793495189,1618,1736,2026092311,0.0192
"Confidence >=80","August","Three-day blocks offset 0",1,1415,1166,249,1203.96409640964,37.9640964096409,1.17528421671352,6.55882856563306,82.4028268551237,1e-04,0,0,0.000368856793495189,1170,1288,2026092311,0.0192
"Confidence >=80","August","Three-day blocks offset 0",3,1415,1166,249,1203.96409640964,37.9640964096409,1.17528421671352,6.55882856563306,82.4028268551237,1e-04,0,0,0.000368856793495189,1170,1288,2026092311,0.0192
"Confidence >=80","August","Three-day blocks offset 0",6,1013,807,206,840.38403840384,33.3840384038403,1.20540128525527,6.1706135581339,79.6643632773939,1e-04,0,0,0.000368856793495189,811,903,2026092311,0.0192
"Confidence >=80","August","Three-day blocks offset 1",0,1863,1702,161,1741.75887588759,39.7588758875888,1.06960844339067,4.04941026137658,91.358024691358,2e-04,1,2.53203079623378e-06,0.000557092694482776,1710,1802,2026092312,0.0192
"Confidence >=80","August","Three-day blocks offset 1",1,1415,1254,161,1293.75887588759,39.7588758875888,1.09371230325221,4.04941026137658,88.6219081272085,2e-04,1,2.53203079623378e-06,0.000557092694482776,1262,1354,2026092312,0.0192
"Confidence >=80","August","Three-day blocks offset 1",3,1415,1254,161,1293.75887588759,39.7588758875888,1.09371230325221,4.04941026137658,88.6219081272085,2e-04,1,2.53203079623378e-06,0.000557092694482776,1262,1354,2026092312,0.0192
"Confidence >=80","August","Three-day blocks offset 1",6,1013,873,140,910.0200020002,37.0200020002001,1.11316234563356,3.78173939588775,86.1796643632774,2e-04,1,2.53203079623378e-06,0.000557092694482776,880,962,2026092312,0.0192
