"cell","x_km","y_km","settings_in_top_decile"
"100_1942",502.5,9712.5,0
"100_1944",502.5,9722.5,0
"100_1947",502.5,9737.5,0
"100_1948",502.5,9742.5,0
"100_1949",502.5,9747.5,0
"100_1950",502.5,9752.5,0
"100_1951",502.5,9757.5,0
"100_1952",502.5,9762.5,0
"100_1953",502.5,9767.5,0
"100_1954",502.5,9772.5,0
"100_1955",502.5,9777.5,0
"100_1969",502.5,9847.5,0
"101_1939",507.5,9697.5,0
"101_1940",507.5,9702.5,0
"101_1941",507.5,9707.5,0
"101_1942",507.5,9712.5,0
"101_1943",507.5,9717.5,0
"101_1944",507.5,9722.5,0
"101_1945",507.5,9727.5,0
"101_1946",507.5,9732.5,0
"101_1947",507.5,9737.5,0
"101_1948",507.5,9742.5,0
"101_1949",507.5,9747.5,0
"101_1950",507.5,9752.5,0
"101_1952",507.5,9762.5,0
"101_1953",507.5,9767.5,0
"102_1939",512.5,9697.5,1
"102_1940",512.5,9702.5,0
"102_1941",512.5,9707.5,0
"102_1943",512.5,9717.5,0
"103_1939",517.5,9697.5,0
"103_1940",517.5,9702.5,0
"103_1941",517.5,9707.5,0
"103_1971",517.5,9857.5,0
"76_1984",382.5,9922.5,0
"76_1988",382.5,9942.5,0
"77_1988",387.5,9942.5,0
"78_1959",392.5,9797.5,0
"78_1960",392.5,9802.5,3
"78_1961",392.5,9807.5,5
"78_1962",392.5,9812.5,6
"78_1963",392.5,9817.5,4
"78_1964",392.5,9822.5,4
"78_1965",392.5,9827.5,2
"78_1966",392.5,9832.5,0
"78_1986",392.5,9932.5,0
"78_1987",392.5,9937.5,0
"78_1988",392.5,9942.5,0
"79_1951",397.5,9757.5,1
"79_1958",397.5,9792.5,4
"79_1959",397.5,9797.5,2
"79_1960",397.5,9802.5,6
"79_1961",397.5,9807.5,7
"79_1962",397.5,9812.5,6
"79_1963",397.5,9817.5,7
"79_1964",397.5,9822.5,6
"79_1965",397.5,9827.5,3
"79_1966",397.5,9832.5,1
"79_1968",397.5,9842.5,3
"79_1969",397.5,9847.5,6
"79_1985",397.5,9927.5,0
"79_1986",397.5,9932.5,1
"79_1987",397.5,9937.5,0
"79_1988",397.5,9942.5,0
"80_1949",402.5,9747.5,3
"80_1950",402.5,9752.5,2
"80_1951",402.5,9757.5,1
"80_1952",402.5,9762.5,3
"80_1953",402.5,9767.5,3
"80_1955",402.5,9777.5,2
"80_1956",402.5,9782.5,3
"80_1957",402.5,9787.5,8
"80_1958",402.5,9792.5,8
"80_1959",402.5,9797.5,4
"80_1960",402.5,9802.5,8
"80_1961",402.5,9807.5,8
"80_1962",402.5,9812.5,4
"80_1963",402.5,9817.5,4
"80_1966",402.5,9832.5,4
"80_1967",402.5,9837.5,5
"80_1968",402.5,9842.5,7
"80_1969",402.5,9847.5,7
"80_1970",402.5,9852.5,2
"80_1981",402.5,9907.5,0
"80_1985",402.5,9927.5,0
"80_1986",402.5,9932.5,0
"80_1988",402.5,9942.5,0
"81_1942",407.5,9712.5,0
"81_1947",407.5,9737.5,0
"81_1948",407.5,9742.5,2
"81_1949",407.5,9747.5,1
"81_1950",407.5,9752.5,1
"81_1951",407.5,9757.5,1
"81_1952",407.5,9762.5,1
"81_1953",407.5,9767.5,6
"81_1954",407.5,9772.5,8
"81_1955",407.5,9777.5,8
"81_1956",407.5,9782.5,5
"81_1957",407.5,9787.5,7
"81_1958",407.5,9792.5,8
"81_1959",407.5,9797.5,8
"81_1960",407.5,9802.5,5
"81_1961",407.5,9807.5,8
"81_1962",407.5,9812.5,6
"81_1966",407.5,9832.5,7
"81_1967",407.5,9837.5,7
"81_1968",407.5,9842.5,4
"81_1980",407.5,9902.5,0
"81_1981",407.5,9907.5,0
"81_1985",407.5,9927.5,0
"81_1986",407.5,9932.5,0
"81_1987",407.5,9937.5,0
"81_1988",407.5,9942.5,0
"81_1989",407.5,9947.5,0
"82_1942",412.5,9712.5,0
"82_1943",412.5,9717.5,0
"82_1944",412.5,9722.5,0
"82_1945",412.5,9727.5,0
"82_1946",412.5,9732.5,0
"82_1947",412.5,9737.5,0
"82_1948",412.5,9742.5,0
"82_1949",412.5,9747.5,0
"82_1950",412.5,9752.5,0
"82_1951",412.5,9757.5,0
"82_1954",412.5,9772.5,7
"82_1955",412.5,9777.5,7
"82_1956",412.5,9782.5,5
"82_1957",412.5,9787.5,3
"82_1958",412.5,9792.5,5
"82_1959",412.5,9797.5,5
"82_1960",412.5,9802.5,7
"82_1961",412.5,9807.5,8
"82_1962",412.5,9812.5,4
"82_1963",412.5,9817.5,2
"82_1966",412.5,9832.5,2
"82_1967",412.5,9837.5,3
"82_1968",412.5,9842.5,2
"82_1969",412.5,9847.5,0
"82_1970",412.5,9852.5,0
"82_1979",412.5,9897.5,1
"82_1980",412.5,9902.5,3
"82_1981",412.5,9907.5,1
"82_1982",412.5,9912.5,0
"82_1984",412.5,9922.5,0
"82_1985",412.5,9927.5,0
"82_1986",412.5,9932.5,0
"82_1987",412.5,9937.5,0
"82_1989",412.5,9947.5,0
"83_1935",417.5,9677.5,0
"83_1936",417.5,9682.5,0
"83_1939",417.5,9697.5,0
"83_1944",417.5,9722.5,0
"83_1945",417.5,9727.5,0
"83_1946",417.5,9732.5,0
"83_1947",417.5,9737.5,0
"83_1948",417.5,9742.5,1
"83_1949",417.5,9747.5,2
"83_1950",417.5,9752.5,2
"83_1952",417.5,9762.5,1
"83_1955",417.5,9777.5,2
"83_1958",417.5,9792.5,1
"83_1959",417.5,9797.5,1
"83_1960",417.5,9802.5,2
"83_1961",417.5,9807.5,8
"83_1962",417.5,9812.5,7
"83_1963",417.5,9817.5,2
"83_1967",417.5,9837.5,0
"83_1968",417.5,9842.5,0
"83_1969",417.5,9847.5,0
"83_1978",417.5,9892.5,0
"83_1979",417.5,9897.5,0
"83_1980",417.5,9902.5,1
"83_1983",417.5,9917.5,0
"83_1985",417.5,9927.5,0
"83_1986",417.5,9932.5,0
"83_1987",417.5,9937.5,0
"83_1988",417.5,9942.5,0
"84_1934",422.5,9672.5,0
"84_1936",422.5,9682.5,0
"84_1937",422.5,9687.5,0
"84_1938",422.5,9692.5,0
"84_1939",422.5,9697.5,0
"84_1941",422.5,9707.5,0
"84_1947",422.5,9737.5,0
"84_1948",422.5,9742.5,2
"84_1949",422.5,9747.5,6
"84_1950",422.5,9752.5,2
"84_1951",422.5,9757.5,2
"84_1952",422.5,9762.5,2
"84_1955",422.5,9777.5,0
"84_1956",422.5,9782.5,0
"84_1957",422.5,9787.5,0
"84_1958",422.5,9792.5,0
"84_1959",422.5,9797.5,0
"84_1960",422.5,9802.5,0
"84_1962",422.5,9812.5,3
"84_1963",422.5,9817.5,0
"84_1964",422.5,9822.5,0
"84_1965",422.5,9827.5,0
"84_1967",422.5,9837.5,0
"84_1968",422.5,9842.5,0
"84_1969",422.5,9847.5,0
"84_1978",422.5,9892.5,0
"84_1980",422.5,9902.5,0
"84_1982",422.5,9912.5,0
"84_1983",422.5,9917.5,0
"84_1985",422.5,9927.5,0
"84_1986",422.5,9932.5,0
"84_1987",422.5,9937.5,0
"84_1988",422.5,9942.5,0
"84_1989",422.5,9947.5,0
"84_1990",422.5,9952.5,0
"85_1935",427.5,9677.5,1
"85_1936",427.5,9682.5,0
"85_1938",427.5,9692.5,0
"85_1939",427.5,9697.5,0
"85_1941",427.5,9707.5,0
"85_1942",427.5,9712.5,0
"85_1948",427.5,9742.5,2
"85_1949",427.5,9747.5,2
"85_1950",427.5,9752.5,0
"85_1951",427.5,9757.5,2
"85_1952",427.5,9762.5,1
"85_1953",427.5,9767.5,1
"85_1954",427.5,9772.5,0
"85_1955",427.5,9777.5,0
"85_1956",427.5,9782.5,0
"85_1958",427.5,9792.5,0
"85_1959",427.5,9797.5,0
"85_1962",427.5,9812.5,0
"85_1963",427.5,9817.5,0
"85_1965",427.5,9827.5,0
"85_1967",427.5,9837.5,0
"85_1968",427.5,9842.5,0
"85_1969",427.5,9847.5,0
"85_1978",427.5,9892.5,0
"85_1981",427.5,9907.5,0
"85_1983",427.5,9917.5,3
"85_1984",427.5,9922.5,1
"85_1986",427.5,9932.5,0
"85_1987",427.5,9937.5,0
"85_1988",427.5,9942.5,0
"85_1989",427.5,9947.5,0
"85_1990",427.5,9952.5,0
"86_1936",432.5,9682.5,0
"86_1937",432.5,9687.5,0
"86_1938",432.5,9692.5,0
"86_1939",432.5,9697.5,0
"86_1940",432.5,9702.5,0
"86_1941",432.5,9707.5,0
"86_1942",432.5,9712.5,0
"86_1943",432.5,9717.5,0
"86_1948",432.5,9742.5,0
"86_1949",432.5,9747.5,0
"86_1950",432.5,9752.5,0
"86_1951",432.5,9757.5,2
"86_1952",432.5,9762.5,3
"86_1953",432.5,9767.5,1
"86_1954",432.5,9772.5,2
"86_1955",432.5,9777.5,1
"86_1956",432.5,9782.5,0
"86_1962",432.5,9812.5,0
"86_1963",432.5,9817.5,0
"86_1964",432.5,9822.5,0
"86_1967",432.5,9837.5,0
"86_1968",432.5,9842.5,0
"86_1969",432.5,9847.5,0
"86_1970",432.5,9852.5,0
"86_1971",432.5,9857.5,0
"86_1975",432.5,9877.5,0
"86_1981",432.5,9907.5,0
"86_1982",432.5,9912.5,0
"86_1983",432.5,9917.5,1
"86_1985",432.5,9927.5,0
"86_1986",432.5,9932.5,0
"86_1987",432.5,9937.5,0
"86_1988",432.5,9942.5,0
"86_1990",432.5,9952.5,0
"87_1936",437.5,9682.5,0
"87_1937",437.5,9687.5,0
"87_1940",437.5,9702.5,0
"87_1941",437.5,9707.5,0
"87_1942",437.5,9712.5,0
"87_1945",437.5,9727.5,0
"87_1946",437.5,9732.5,1
"87_1947",437.5,9737.5,1
"87_1950",437.5,9752.5,0
"87_1951",437.5,9757.5,1
"87_1952",437.5,9762.5,3
"87_1953",437.5,9767.5,3
"87_1954",437.5,9772.5,4
"87_1955",437.5,9777.5,2
"87_1956",437.5,9782.5,0
"87_1958",437.5,9792.5,0
"87_1959",437.5,9797.5,0
"87_1960",437.5,9802.5,0
"87_1962",437.5,9812.5,0
"87_1963",437.5,9817.5,0
"87_1964",437.5,9822.5,0
"87_1965",437.5,9827.5,0
"87_1967",437.5,9837.5,0
"87_1968",437.5,9842.5,0
"87_1969",437.5,9847.5,0
"87_1970",437.5,9852.5,0
"87_1975",437.5,9877.5,0
"87_1978",437.5,9892.5,0
"87_1979",437.5,9897.5,3
"87_1980",437.5,9902.5,2
"87_1981",437.5,9907.5,0
"87_1982",437.5,9912.5,0
"87_1984",437.5,9922.5,0
"87_1985",437.5,9927.5,0
"87_1986",437.5,9932.5,0
"87_1987",437.5,9937.5,0
"87_1988",437.5,9942.5,0
"87_1990",437.5,9952.5,0
"88_1936",442.5,9682.5,0
"88_1937",442.5,9687.5,0
"88_1938",442.5,9692.5,0
"88_1940",442.5,9702.5,0
"88_1941",442.5,9707.5,0
"88_1943",442.5,9717.5,0
"88_1945",442.5,9727.5,0
"88_1946",442.5,9732.5,0
"88_1947",442.5,9737.5,1
"88_1948",442.5,9742.5,0
"88_1950",442.5,9752.5,0
"88_1951",442.5,9757.5,2
"88_1952",442.5,9762.5,1
"88_1953",442.5,9767.5,2
"88_1954",442.5,9772.5,4
"88_1955",442.5,9777.5,3
"88_1956",442.5,9782.5,0
"88_1957",442.5,9787.5,0
"88_1959",442.5,9797.5,0
"88_1960",442.5,9802.5,0
"88_1962",442.5,9812.5,0
"88_1963",442.5,9817.5,0
"88_1964",442.5,9822.5,0
"88_1970",442.5,9852.5,0
"88_1971",442.5,9857.5,1
"88_1972",442.5,9862.5,0
"88_1973",442.5,9867.5,0
"88_1974",442.5,9872.5,0
"88_1978",442.5,9892.5,1
"88_1979",442.5,9897.5,3
"88_1980",442.5,9902.5,3
"88_1981",442.5,9907.5,0
"88_1982",442.5,9912.5,0
"88_1986",442.5,9932.5,0
"88_1987",442.5,9937.5,0
"88_1988",442.5,9942.5,0
"88_1990",442.5,9952.5,0
"88_1991",442.5,9957.5,0
"89_1938",447.5,9692.5,0
"89_1939",447.5,9697.5,0
"89_1940",447.5,9702.5,0
"89_1941",447.5,9707.5,0
"89_1948",447.5,9742.5,0
"89_1949",447.5,9747.5,0
"89_1950",447.5,9752.5,0
"89_1951",447.5,9757.5,0
"89_1952",447.5,9762.5,0
"89_1953",447.5,9767.5,0
"89_1954",447.5,9772.5,2
"89_1955",447.5,9777.5,3
"89_1956",447.5,9782.5,0
"89_1957",447.5,9787.5,0
"89_1958",447.5,9792.5,0
"89_1959",447.5,9797.5,0
"89_1960",447.5,9802.5,0
"89_1961",447.5,9807.5,0
"89_1962",447.5,9812.5,0
"89_1963",447.5,9817.5,0
"89_1964",447.5,9822.5,0
"89_1966",447.5,9832.5,0
"89_1970",447.5,9852.5,0
"89_1971",447.5,9857.5,0
"89_1972",447.5,9862.5,0
"89_1974",447.5,9872.5,0
"89_1975",447.5,9877.5,0
"89_1977",447.5,9887.5,0
"89_1978",447.5,9892.5,0
"89_1980",447.5,9902.5,0
"89_1983",447.5,9917.5,0
"89_1984",447.5,9922.5,0
"89_1985",447.5,9927.5,1
"89_1986",447.5,9932.5,0
"89_1988",447.5,9942.5,0
"89_1989",447.5,9947.5,0
"89_1991",447.5,9957.5,0
"90_1939",452.5,9697.5,0
"90_1940",452.5,9702.5,0
"90_1943",452.5,9717.5,0
"90_1945",452.5,9727.5,0
"90_1948",452.5,9742.5,0
"90_1949",452.5,9747.5,0
"90_1954",452.5,9772.5,0
"90_1955",452.5,9777.5,1
"90_1956",452.5,9782.5,2
"90_1957",452.5,9787.5,1
"90_1958",452.5,9792.5,0
"90_1959",452.5,9797.5,0
"90_1960",452.5,9802.5,0
"90_1961",452.5,9807.5,0
"90_1962",452.5,9812.5,0
"90_1964",452.5,9822.5,0
"90_1965",452.5,9827.5,0
"90_1967",452.5,9837.5,0
"90_1970",452.5,9852.5,0
"90_1971",452.5,9857.5,0
"90_1972",452.5,9862.5,0
"90_1973",452.5,9867.5,0
"90_1974",452.5,9872.5,0
"90_1975",452.5,9877.5,0
"90_1976",452.5,9882.5,0
"90_1977",452.5,9887.5,0
"90_1979",452.5,9897.5,0
"90_1984",452.5,9922.5,0
"90_1985",452.5,9927.5,0
"90_1986",452.5,9932.5,0
"90_1987",452.5,9937.5,0
"90_1989",452.5,9947.5,0
"91_1937",457.5,9687.5,0
"91_1939",457.5,9697.5,0
"91_1940",457.5,9702.5,0
"91_1941",457.5,9707.5,0
"91_1943",457.5,9717.5,0
"91_1944",457.5,9722.5,0
"91_1945",457.5,9727.5,0
"91_1946",457.5,9732.5,0
"91_1948",457.5,9742.5,0
"91_1949",457.5,9747.5,0
"91_1951",457.5,9757.5,0
"91_1952",457.5,9762.5,0
"91_1954",457.5,9772.5,0
"91_1955",457.5,9777.5,0
"91_1956",457.5,9782.5,2
"91_1957",457.5,9787.5,2
"91_1958",457.5,9792.5,1
"91_1959",457.5,9797.5,0
"91_1960",457.5,9802.5,0
"91_1961",457.5,9807.5,0
"91_1962",457.5,9812.5,0
"91_1963",457.5,9817.5,0
"91_1964",457.5,9822.5,0
"91_1966",457.5,9832.5,0
"91_1967",457.5,9837.5,0
"91_1968",457.5,9842.5,0
"91_1969",457.5,9847.5,0
"91_1970",457.5,9852.5,0
"91_1971",457.5,9857.5,0
"91_1972",457.5,9862.5,0
"91_1973",457.5,9867.5,0
"91_1974",457.5,9872.5,0
"91_1977",457.5,9887.5,0
"91_1978",457.5,9892.5,0
"91_1984",457.5,9922.5,0
"91_1985",457.5,9927.5,0
"92_1935",462.5,9677.5,0
"92_1938",462.5,9692.5,0
"92_1939",462.5,9697.5,0
"92_1942",462.5,9712.5,0
"92_1943",462.5,9717.5,0
"92_1945",462.5,9727.5,0
"92_1947",462.5,9737.5,0
"92_1949",462.5,9747.5,0
"92_1950",462.5,9752.5,0
"92_1952",462.5,9762.5,0
"92_1954",462.5,9772.5,0
"92_1955",462.5,9777.5,0
"92_1956",462.5,9782.5,0
"92_1957",462.5,9787.5,0
"92_1958",462.5,9792.5,0
"92_1959",462.5,9797.5,0
"92_1962",462.5,9812.5,0
"92_1963",462.5,9817.5,0
"92_1964",462.5,9822.5,0
"92_1967",462.5,9837.5,0
"92_1968",462.5,9842.5,0
"92_1969",462.5,9847.5,0
"92_1973",462.5,9867.5,0
"92_1974",462.5,9872.5,0
"92_1976",462.5,9882.5,0
"92_1977",462.5,9887.5,0
"92_1984",462.5,9922.5,0
"92_1985",462.5,9927.5,0
"92_1986",462.5,9932.5,0
"93_1934",467.5,9672.5,0
"93_1935",467.5,9677.5,0
"93_1945",467.5,9727.5,0
"93_1947",467.5,9737.5,0
"93_1948",467.5,9742.5,0
"93_1949",467.5,9747.5,0
"93_1951",467.5,9757.5,0
"93_1952",467.5,9762.5,0
"93_1953",467.5,9767.5,0
"93_1954",467.5,9772.5,0
"93_1955",467.5,9777.5,0
"93_1957",467.5,9787.5,0
"93_1958",467.5,9792.5,0
"93_1959",467.5,9797.5,0
"93_1961",467.5,9807.5,0
"93_1963",467.5,9817.5,0
"93_1965",467.5,9827.5,0
"93_1969",467.5,9847.5,0
"93_1973",467.5,9867.5,0
"93_1978",467.5,9892.5,0
"93_1980",467.5,9902.5,0
"93_1985",467.5,9927.5,0
"93_1986",467.5,9932.5,0
"94_1934",472.5,9672.5,0
"94_1943",472.5,9717.5,0
"94_1945",472.5,9727.5,0
"94_1947",472.5,9737.5,0
"94_1948",472.5,9742.5,0
"94_1950",472.5,9752.5,0
"94_1951",472.5,9757.5,0
"94_1953",472.5,9767.5,0
"94_1955",472.5,9777.5,0
"94_1956",472.5,9782.5,0
"94_1958",472.5,9792.5,0
"94_1961",472.5,9807.5,0
"94_1964",472.5,9822.5,2
"94_1965",472.5,9827.5,1
"94_1969",472.5,9847.5,0
"94_1970",472.5,9852.5,0
"94_1971",472.5,9857.5,0
"94_1972",472.5,9862.5,0
"94_1978",472.5,9892.5,0
"94_1985",472.5,9927.5,0
"94_1986",472.5,9932.5,0
"95_1939",477.5,9697.5,0
"95_1940",477.5,9702.5,0
"95_1941",477.5,9707.5,0
"95_1945",477.5,9727.5,0
"95_1946",477.5,9732.5,0
"95_1947",477.5,9737.5,0
"95_1949",477.5,9747.5,0
"95_1950",477.5,9752.5,0
"95_1951",477.5,9757.5,0
"95_1952",477.5,9762.5,0
"95_1953",477.5,9767.5,0
"95_1954",477.5,9772.5,0
"95_1955",477.5,9777.5,0
"95_1956",477.5,9782.5,0
"95_1958",477.5,9792.5,0
"95_1964",477.5,9822.5,2
"95_1965",477.5,9827.5,5
"95_1969",477.5,9847.5,0
"95_1971",477.5,9857.5,0
"95_1972",477.5,9862.5,0
"95_1973",477.5,9867.5,0
"95_1978",477.5,9892.5,0
"95_1979",477.5,9897.5,0
"95_1983",477.5,9917.5,0
"95_1984",477.5,9922.5,0
"95_1985",477.5,9927.5,0
"96_1937",482.5,9687.5,0
"96_1938",482.5,9692.5,0
"96_1941",482.5,9707.5,0
"96_1945",482.5,9727.5,0
"96_1948",482.5,9742.5,0
"96_1953",482.5,9767.5,0
"96_1954",482.5,9772.5,1
"96_1955",482.5,9777.5,1
"96_1956",482.5,9782.5,0
"96_1957",482.5,9787.5,0
"96_1964",482.5,9822.5,0
"96_1965",482.5,9827.5,2
"96_1972",482.5,9862.5,0
"96_1980",482.5,9902.5,0
"96_1985",482.5,9927.5,0
"96_1986",482.5,9932.5,0
"97_1937",487.5,9687.5,0
"97_1938",487.5,9692.5,0
"97_1939",487.5,9697.5,0
"97_1943",487.5,9717.5,0
"97_1944",487.5,9722.5,0
"97_1949",487.5,9747.5,0
"97_1950",487.5,9752.5,0
"97_1951",487.5,9757.5,0
"97_1954",487.5,9772.5,1
"97_1955",487.5,9777.5,1
"97_1956",487.5,9782.5,0
"97_1957",487.5,9787.5,0
"97_1961",487.5,9807.5,0
"97_1971",487.5,9857.5,0
"97_1978",487.5,9892.5,0
"97_1981",487.5,9907.5,0
"97_1983",487.5,9917.5,0
"97_1984",487.5,9922.5,0
"98_1941",492.5,9707.5,0
"98_1944",492.5,9722.5,0
"98_1947",492.5,9737.5,0
"98_1948",492.5,9742.5,0
"98_1949",492.5,9747.5,0
"98_1950",492.5,9752.5,0
"98_1951",492.5,9757.5,0
"98_1952",492.5,9762.5,0
"98_1953",492.5,9767.5,0
"98_1954",492.5,9772.5,0
"98_1955",492.5,9777.5,0
"98_1957",492.5,9787.5,0
"98_1971",492.5,9857.5,0
"98_1981",492.5,9907.5,0
"98_1983",492.5,9917.5,0
"98_1984",492.5,9922.5,0
"99_1938",497.5,9692.5,0
"99_1939",497.5,9697.5,0
"99_1942",497.5,9712.5,0
"99_1944",497.5,9722.5,0
"99_1946",497.5,9732.5,0
"99_1947",497.5,9737.5,0
"99_1949",497.5,9747.5,0
"99_1950",497.5,9752.5,0
"99_1952",497.5,9762.5,0
"99_1953",497.5,9767.5,0
"99_1954",497.5,9772.5,0
"99_1955",497.5,9777.5,0
"99_1986",497.5,9932.5,0
