"cell","gx","gy","records","recorded_dates","recorded_months","largest_daily_count","max_daily_fraction","district","cell_km","shift_fraction","subset","rank_records","rank_dates","high_confidence_dates","cell_label"
"81_1957",81,1957,70,26,3,8,0.114285714285714,"Matan Hilir Selatan",5,0,"Confidence >=30",7,1,13,"E405_N9785"
"81_1961",81,1961,80,24,3,17,0.2125,"Muara Pawan",5,0,"Confidence >=30",4,2,15,"E405_N9805"
"80_1958",80,1958,91,23,2,13,0.142857142857143,"Matan Hilir Selatan",5,0,"Confidence >=30",3,3,14,"E400_N9790"
"79_1964",79,1964,63,23,2,15,0.238095238095238,"Matan Hilir Utara",5,0,"Confidence >=30",10,3,10,"E395_N9820"
"80_1969",80,1969,152,22,1,18,0.118421052631579,"Matan Hilir Utara",5,0,"Confidence >=30",1,5,17,"E400_N9845"
"81_1958",81,1958,99,22,1,10,0.101010101010101,"Matan Hilir Selatan",5,0,"Confidence >=30",2,5,16,"E405_N9790"
"80_1961",80,1961,58,20,2,7,0.120689655172414,"Muara Pawan",5,0,"Confidence >=30",12,7,11,"E400_N9805"
"83_1961",83,1961,58,20,2,8,0.137931034482759,"Sungai Melayu Rayak",5,0,"Confidence >=30",12,7,13,"E415_N9805"
"82_1954",82,1954,46,20,2,6,0.130434782608696,"Matan Hilir Selatan",5,0,"Confidence >=30",18,7,9,"E410_N9770"
"83_1962",83,1962,74,19,2,16,0.216216216216216,"Sungai Melayu Rayak",5,0,"Confidence >=30",5,10,14,"E415_N9810"
