"WADMKC","area_km2","records","recorded_dates","august_records","records_per_100_km2","subset"
"Air Upas",476.2410281158,25,14,16,5.24944272418317,"Confidence >=30"
"Benua Kayong",171.946969098266,82,26,56,47.6891220764339,"Confidence >=30"
"Delta Pawan",63.7378606197542,0,0,0,0,"Confidence >=30"
"Hulu Sungai",5789.52114150733,44,11,43,0.759993770202286,"Confidence >=30"
"Jelai Hulu",1382.15741567345,98,29,78,7.09036459152156,"Confidence >=30"
"Kendawangan",5657.83118022413,684,58,594,12.0894381294159,"Confidence >=30"
"Manis Mata",1525.76554262946,164,32,140,10.7487025639187,"Confidence >=30"
"Marau",1068.72887488474,132,38,103,12.3511213275898,"Confidence >=30"
"Matan Hilir Selatan",1503.29250799541,957,45,929,63.6602653781685,"Confidence >=30"
"Matan Hilir Utara",714.82928349479,578,40,563,80.8584669578961,"Confidence >=30"
"Muara Pawan",725.953557019,431,48,389,59.3701891578058,"Confidence >=30"
"Nanga Tayap",2622.6367035356,259,41,225,9.87555766495755,"Confidence >=30"
"Pemahan",110.763460902984,13,9,5,11.7367224660725,"Confidence >=30"
"Sandai",1037.13670766296,84,26,68,8.09922157603329,"Confidence >=30"
"Simpang Dua",1203.9087751501,145,32,122,12.0441019280653,"Confidence >=30"
"Simpang Hulu",2543.9613283911,289,34,263,11.3602355812058,"Confidence >=30"
"Singkup",424.255359243536,28,16,22,6.59979877447514,"Confidence >=30"
"Sungai Laur",1390.65156258326,136,23,130,9.77958847918512,"Confidence >=30"
"Sungai Melayu Rayak",570.207340108749,223,33,205,39.1085810921813,"Confidence >=30"
"Tumbang Titi",1013.48854117911,100,27,85,9.86690978110701,"Confidence >=30"
"Air Upas",476.2410281158,6,4,6,1.25986625380396,"Confidence >=80"
"Benua Kayong",171.946969098266,35,10,29,20.3551130814047,"Confidence >=80"
"Delta Pawan",63.7378606197542,0,0,0,0,"Confidence >=80"
"Hulu Sungai",5789.52114150733,8,5,8,0.138180685491325,"Confidence >=80"
"Jelai Hulu",1382.15741567345,31,16,26,2.24287043201192,"Confidence >=80"
"Kendawangan",5657.83118022413,193,35,175,3.4112011096159,"Confidence >=80"
"Manis Mata",1525.76554262946,51,16,48,3.34258433390154,"Confidence >=80"
"Marau",1068.72887488474,38,10,37,3.55562583673041,"Confidence >=80"
"Matan Hilir Selatan",1503.29250799541,431,33,425,28.670401648893,"Confidence >=80"
"Matan Hilir Utara",714.82928349479,298,29,295,41.6882753519949,"Confidence >=80"
"Muara Pawan",725.953557019,205,30,200,28.2387210611373,"Confidence >=80"
"Nanga Tayap",2622.6367035356,64,14,60,2.44029224153391,"Confidence >=80"
"Pemahan",110.763460902984,0,0,0,0,"Confidence >=80"
"Sandai",1037.13670766296,24,9,22,2.31406330743808,"Confidence >=80"
"Simpang Dua",1203.9087751501,49,14,40,4.0700758239669,"Confidence >=80"
"Simpang Hulu",2543.9613283911,122,17,114,4.7956703837616,"Confidence >=80"
"Singkup",424.255359243536,9,6,8,2.12136389179558,"Confidence >=80"
"Sungai Laur",1390.65156258326,44,11,42,3.16398450797166,"Confidence >=80"
"Sungai Melayu Rayak",570.207340108749,97,23,89,17.0113559010833,"Confidence >=80"
"Tumbang Titi",1013.48854117911,21,11,19,2.07205105403247,"Confidence >=80"
